71710.98680621033,0.0005,[13],1000
72613.7500921812,0.0005,[13],1100
70292.77150363779,0.0005,[13],1200
71759.02714407862,0.0005,[13],1300
70764.1123355843,0.0005,[13],1400
72401.99095214439,0.0005,[13],1500
72024.90211921425,0.0005,[13],1600
69919.99862868617,0.0005,[13],1700
71138.84264205725,0.0005,[13],1800
70972.77042495657,0.0005,[13],1900
71019.04632299943,0.0005,[13],2000
70167.08799948884,0.0005,[13],2100
70430.89265701681,0.0005,[13],2200
69847.31086942006,0.0005,[13],2300
70900.57623047844,0.0005,[13],2400
68860.68463157552,0.0005,[13],2500
223515.30477491932,0.0005,[13],2600
69505.29540173634,0.0005,[13],2700
69102.87548247715,0.0005,[13],2800
69111.49616815473,0.0005,[13],2900
69252.83469863467,0.0005,[13],3000
69433.45792724175,0.0005,[13],3100
68797.45380032739,0.0005,[13],3200
223515.30477491932,0.0005,[13],3300
68813.12994916683,0.0005,[13],3400
68891.89304547734,0.0005,[13],3500
68881.24293217727,0.0005,[13],3700
68953.7155423005,0.0005,[13],3600
68912.16470401178,0.0005,[13],3800
68776.92070430296,0.0005,[13],3900
68911.65228430674,0.0005,[13],4000
68946.9887274143,0.0005,[13],4100
68807.58016243951,0.0005,[13],4200
223515.30477491932,0.0005,[13],4300
68863.91985725157,0.0005,[13],4500
68825.36131245302,0.0005,[13],4400
68834.57533086615,0.0005,[13],4600
223515.30477491932,0.0005,[13],4700
68787.35699263144,0.0005,[13],4800
68802.6783515802,0.0005,[13],4900
68776.67526871416,0.0005,[13],5000
68776.41151225448,0.0005,[13],5100
72428.2897800523,0.0005,[10, 10],1000
68808.25705272301,0.0005,[13],5300
223515.30477491932,0.0005,[13],5200
70839.705423766,0.0005,[10, 10],1100
68791.22333700574,0.0005,[13],5400
70977.99983937133,0.0005,[10, 10],1200
68776.29252219647,0.0005,[13],5500
68776.30893777637,0.0005,[13],5600
69011.77946954635,0.0005,[10, 10],1300
69406.37884978566,0.0005,[10, 10],1400
68776.43593820054,0.0005,[13],5700
223515.30477491932,0.0005,[10, 10],1500
70612.01683877333,0.0005,[10, 10],1600
70102.58645947384,0.0005,[10, 10],1700
223515.30477491932,0.0005,[10, 10],1800
68782.92101327659,0.0005,[13],5800
223515.30477491932,0.0005,[10, 10],1900
68776.54715106543,0.0005,[13],5900
69380.89178452143,0.0005,[10, 10],2000
69597.21118987096,0.0005,[10, 10],2100
69263.18819754197,0.0005,[10, 10],2200
223515.30477491932,0.0005,[10, 10],2300
68823.08828649766,0.0005,[10, 10],2400
69224.8439316156,0.0005,[10, 10],2500
68877.00416695655,0.0005,[10, 10],2600
223515.30477491932,0.0005,[10, 10],2700
223515.30477491932,0.0005,[10, 10],2800
223515.30477491932,0.0005,[10, 10],2900
223515.30477491932,0.0005,[10, 10],3000
223515.30477491932,0.0005,[10, 10],3100
68780.39988518484,0.0005,[10, 10],3200
68786.66938507512,0.0005,[10, 10],3300
68810.92242521083,0.0005,[10, 10],3400
68817.62189396835,0.0005,[10, 10],3500
68776.23538182203,0.0005,[10, 10],3600
68776.33936361723,0.0005,[10, 10],3700
223515.30477491932,0.0005,[10, 10],3800
223515.30477491932,0.0005,[10, 10],3900
68782.46569114187,0.0005,[10, 10],4000
223515.30477491932,0.0005,[10, 10],4100
68778.52982713499,0.0005,[10, 10],4200
68776.97553528412,0.0005,[10, 10],4300
68776.32756224791,0.0005,[10, 10],4400
68776.28105363446,0.0005,[10, 10],4500
68778.49326939399,0.0005,[10, 10],4700
68777.06300550136,0.0005,[10, 10],4600
68776.66527772798,0.0005,[10, 10],4800
223515.30477491932,0.0005,[10, 10],4900
223515.30477491932,0.0005,[8, 8],1000
68777.91288271533,0.0005,[10, 10],5000
223515.30477491932,0.0005,[8, 8],1100
68776.47827432059,0.0005,[10, 10],5200
68776.32987284342,0.0005,[10, 10],5100
223515.30477491932,0.0005,[10, 10],5300
69463.47613726144,0.0005,[8, 8],1200
71997.91058136054,0.0005,[8, 8],1300
223515.30477491932,0.0005,[10, 10],5400
69090.33957602418,0.0005,[8, 8],1400
223515.30477491932,0.0005,[8, 8],1500
70616.03234813786,0.0005,[8, 8],1600
68776.06838073379,0.0005,[10, 10],5500
70678.57387227073,0.0005,[8, 8],1700
223515.30477491932,0.0005,[8, 8],1800
223515.30477491932,0.0005,[10, 10],5700
223515.30477491932,0.0005,[10, 10],5600
69349.20767508601,0.0005,[8, 8],1900
69904.29281904691,0.0005,[8, 8],2000
223515.30477491932,0.0005,[8, 8],2100
68776.1988294238,0.0005,[10, 10],5800
68823.44125677877,0.0005,[8, 8],2200
223515.30477491932,0.0005,[10, 10],5900
68902.70953855502,0.0005,[8, 8],2300
69687.44218699643,0.0005,[8, 8],2400
68841.9539622427,0.0005,[8, 8],2500
69292.877013501,0.0005,[8, 8],2600
68977.99685709854,0.0005,[8, 8],2700
223515.30477491932,0.0005,[8, 8],2800
69405.65793665746,0.0005,[8, 8],2900
223515.30477491932,0.0005,[8, 8],3000
68778.7293072166,0.0005,[8, 8],3100
68826.0678066828,0.0005,[8, 8],3200
68880.70047143905,0.0005,[8, 8],3300
68808.63777235417,0.0005,[8, 8],3400
68812.01425304473,0.0005,[8, 8],3500
68846.24398856124,0.0005,[8, 8],3600
68780.35117142173,0.0005,[8, 8],3700
223515.30477491932,0.0005,[8, 8],3800
223515.30477491932,0.0005,[8, 8],3900
68782.33398620583,0.0005,[8, 8],4000
68807.03191335412,0.0005,[8, 8],4100
223515.30477491932,0.0005,[8, 8],4200
68780.93596473004,0.0005,[8, 8],4300
68780.20391680856,0.0005,[8, 8],4400
68782.53665408958,0.0005,[8, 8],4500
68776.16762191578,0.0005,[8, 8],4600
223515.30477491932,0.0005,[8, 8],4700
223515.30477491932,0.0005,[8, 8],4800
68776.20187775507,0.0005,[8, 8],4900
68780.27032757299,0.0005,[8, 8],5000
68778.06473359292,0.0005,[8, 8],5100
70559.115209112,0.0005,[8, 8, 8],1000
69797.42551580774,0.0005,[8, 8, 8],1100
223515.30477491932,0.0005,[8, 8],5200
68776.20553453262,0.0005,[8, 8],5300
223515.30477491932,0.0005,[8, 8],5400
70638.91966469941,0.0005,[8, 8, 8],1200
69216.4598463335,0.0005,[8, 8, 8],1300
223515.30477491932,0.0005,[8, 8],5500
68904.06063111882,0.0005,[8, 8, 8],1400
223515.30477491932,0.0005,[8, 8],5600
223515.30477491932,0.0005,[8, 8, 8],1500
68953.2338516708,0.0005,[8, 8, 8],1600
223515.30477491932,0.0005,[8, 8],5700
68834.7037649315,0.0005,[8, 8, 8],1700
223515.30477491932,0.0005,[8, 8, 8],1800
68776.19920821184,0.0005,[8, 8],5800
223515.30477491932,0.0005,[8, 8, 8],1900
68776.201866099,0.0005,[8, 8],5900
68921.41963278363,0.0005,[8, 8, 8],2000
68894.58690177095,0.0005,[8, 8, 8],2100
68789.06013481198,0.0005,[8, 8, 8],2200
68904.04902055732,0.0005,[8, 8, 8],2300
223515.30477491932,0.0005,[8, 8, 8],2400
68776.29764745697,0.0005,[8, 8, 8],2500
223515.30477491932,0.0005,[8, 8, 8],2600
68775.5937689607,0.0005,[8, 8, 8],2700
68772.38660421247,0.0005,[8, 8, 8],2800
223515.30477491932,0.0005,[8, 8, 8],2900
223515.30477491932,0.0005,[8, 8, 8],3000
68778.78900505506,0.0005,[8, 8, 8],3100
68777.60294143902,0.0005,[8, 8, 8],3200
68809.01106405936,0.0005,[8, 8, 8],3300
68812.10313891846,0.0005,[8, 8, 8],3400
223515.30477491932,0.0005,[8, 8, 8],3500
223515.30477491932,0.0005,[8, 8, 8],3600
68776.20105572023,0.0005,[8, 8, 8],3700
68776.19954025533,0.0005,[8, 8, 8],3800
68782.08810955314,0.0005,[8, 8, 8],3900
223515.30477491932,0.0005,[8, 8, 8],4000
68777.71766421107,0.0005,[8, 8, 8],4100
68776.20061499825,0.0005,[8, 8, 8],4200
68776.3885418075,0.0005,[8, 8, 8],4300
223515.30477491932,0.0005,[8, 8, 8],4400
68776.1992819437,0.0005,[8, 8, 8],4500
223515.30477491932,0.0005,[8, 8, 8],4600
68776.43434515716,0.0005,[8, 8, 8],4700
223515.30477491932,0.0005,[8, 8, 8],4800
69628.49649233696,0.0005,[13, 8],1000
68776.01044743095,0.0005,[8, 8, 8],4900
68776.22461786857,0.0005,[8, 8, 8],5000
223515.30477491932,0.0005,[13, 8],1100
70499.87380705004,0.0005,[13, 8],1200
223515.30477491932,0.0005,[8, 8, 8],5100
68776.20207412892,0.0005,[8, 8, 8],5200
69596.39693140786,0.0005,[13, 8],1300
68777.7026280697,0.0005,[8, 8, 8],5300
69443.11677603924,0.0005,[13, 8],1400
69047.26450769935,0.0005,[13, 8],1500
69653.85434474876,0.0005,[13, 8],1600
223515.30477491932,0.0005,[8, 8, 8],5400
68911.93011849682,0.0005,[13, 8],1700
68952.64163652193,0.0005,[13, 8],1800
223515.30477491932,0.0005,[8, 8, 8],5600
68776.19895697648,0.0005,[8, 8, 8],5500
223515.30477491932,0.0005,[13, 8],1900
68861.28980206297,0.0005,[13, 8],2000
68779.42014894472,0.0005,[8, 8, 8],5700
69184.11090982816,0.0005,[13, 8],2100
223515.30477491932,0.0005,[13, 8],2200
223515.30477491932,0.0005,[13, 8],2300
223515.30477491932,0.0005,[13, 8],2400
68774.83439758804,0.0005,[8, 8, 8],5800
68968.15357740098,0.0005,[13, 8],2500
223515.30477491932,0.0005,[8, 8, 8],5900
68777.68552849289,0.0005,[13, 8],2600
68799.82907512659,0.0005,[13, 8],2700
223515.30477491932,0.0005,[13, 8],2800
68784.35127060751,0.0005,[13, 8],2900
223515.30477491932,0.0005,[13, 8],3000
223515.30477491932,0.0005,[13, 8],3100
68778.61451257345,0.0005,[13, 8],3200
68814.23144005613,0.0005,[13, 8],3300
68776.25921989427,0.0005,[13, 8],3400
68812.74040545273,0.0005,[13, 8],3500
223515.30477491932,0.0005,[13, 8],3600
68780.28160957644,0.0005,[13, 8],3700
223515.30477491932,0.0005,[13, 8],3800
68777.09153245887,0.0005,[13, 8],3900
68776.25634157451,0.0005,[13, 8],4000
223515.30477491932,0.0005,[13, 8],4100
68776.20772255446,0.0005,[13, 8],4200
68776.19944690439,0.0005,[13, 8],4300
223515.30477491932,0.0005,[13, 8],4400
68776.25358611194,0.0005,[13, 8],4500
68776.33234751847,0.0005,[13, 8],4600
223515.30477491932,0.0005,[13, 8],4700
223515.30477491932,0.0005,[13, 8],4800
223515.30477491932,0.0005,[13, 8],4900
72149.4638133812,0.0005,[9, 4],1000
68775.8721577177,0.0005,[13, 8],5000
69674.48358043868,0.0005,[9, 4],1100
68777.22677368073,0.0005,[13, 8],5100
69538.92530505394,0.0005,[9, 4],1200
70563.23525310127,0.0005,[9, 4],1300
68776.22876572073,0.0005,[13, 8],5200
68776.34290839522,0.0005,[13, 8],5300
70615.98030627519,0.0005,[9, 4],1400
223515.30477491932,0.0005,[13, 8],5400
223515.30477491932,0.0005,[9, 4],1500
223515.30477491932,0.0005,[9, 4],1600
223515.30477491932,0.0005,[13, 8],5500
70861.92806418201,0.0005,[9, 4],1700
223515.30477491932,0.0005,[9, 4],1800
68776.27417002521,0.0005,[13, 8],5600
223515.30477491932,0.0005,[9, 4],1900
223515.30477491932,0.0005,[9, 4],2000
68777.03278495296,0.0005,[13, 8],5700
68808.68011412966,0.0005,[9, 4],2100
68776.23998423855,0.0005,[13, 8],5800
68804.98812099332,0.0005,[9, 4],2200
68776.19873306919,0.0005,[13, 8],5900
223515.30477491932,0.0005,[9, 4],2300
223515.30477491932,0.0005,[9, 4],2400
68881.6077063136,0.0005,[9, 4],2500
223515.30477491932,0.0005,[9, 4],2600
70028.82940191099,0.0005,[9, 4],2700
68784.0760734169,0.0005,[9, 4],2800
68800.97231889583,0.0005,[9, 4],2900
69527.26147726165,0.0005,[9, 4],3000
69134.38805223134,0.0005,[9, 4],3100
223515.30477491932,0.0005,[9, 4],3200
68789.08429371912,0.0005,[9, 4],3300
223515.30477491932,0.0005,[9, 4],3400
223515.30477491932,0.0005,[9, 4],3500
223515.30477491932,0.0005,[9, 4],3600
223515.30477491932,0.0005,[9, 4],3700
68848.78661643568,0.0005,[9, 4],3800
68782.97081356659,0.0005,[9, 4],3900
68776.30383558752,0.0005,[9, 4],4000
68776.25486088455,0.0005,[9, 4],4100
68842.70040009038,0.0005,[9, 4],4200
68779.38514493941,0.0005,[9, 4],4300
223515.30477491932,0.0005,[9, 4],4400
68805.27431413364,0.0005,[9, 4],4500
68797.75914026109,0.0005,[9, 4],4600
68776.33484041438,0.0005,[9, 4],4700
68776.83389717218,0.0005,[9, 4],4800
68777.00985549417,0.0005,[9, 4],4900
68777.88840109165,0.0005,[9, 4],5000
70175.65507556366,0.0005,[13, 9, 4],1000
68776.72260570346,0.0005,[9, 4],5100
68776.1986377812,0.0005,[9, 4],5200
223515.30477491932,0.0005,[13, 9, 4],1100
68776.2059322312,0.0005,[9, 4],5300
69113.20014341999,0.0005,[13, 9, 4],1200
223515.30477491932,0.0005,[9, 4],5400
68879.99028769915,0.0005,[13, 9, 4],1300
68776.19892072384,0.0005,[9, 4],5500
69366.2599111171,0.0005,[13, 9, 4],1400
223515.30477491932,0.0005,[9, 4],5600
69244.77290833092,0.0005,[13, 9, 4],1500
69013.73506390677,0.0005,[13, 9, 4],1600
68930.75067705293,0.0005,[13, 9, 4],1700
223515.30477491932,0.0005,[9, 4],5700
68776.20156487155,0.0005,[9, 4],5800
68881.86258607695,0.0005,[13, 9, 4],1800
68776.19728838265,0.0005,[9, 4],5900
223515.30477491932,0.0005,[13, 9, 4],1900
223515.30477491932,0.0005,[13, 9, 4],2000
69262.92033146501,0.0005,[13, 9, 4],2100
223515.30477491932,0.0005,[13, 9, 4],2200
223515.30477491932,0.0005,[13, 9, 4],2300
223515.30477491932,0.0005,[13, 9, 4],2400
68932.4602119964,0.0005,[13, 9, 4],2500
223515.30477491932,0.0005,[13, 9, 4],2600
68789.42966030071,0.0005,[13, 9, 4],2700
68775.16522413748,0.0005,[13, 9, 4],2800
223515.30477491932,0.0005,[13, 9, 4],2900
223515.30477491932,0.0005,[13, 9, 4],3000
68776.20932153148,0.0005,[13, 9, 4],3100
68776.9400650752,0.0005,[13, 9, 4],3200
68776.40893472126,0.0005,[13, 9, 4],3300
223515.30477491932,0.0005,[13, 9, 4],3400
223515.30477491932,0.0005,[13, 9, 4],3500
223515.30477491932,0.0005,[13, 9, 4],3600
68783.64308988878,0.0005,[13, 9, 4],3700
68777.50146511571,0.0005,[13, 9, 4],3800
68776.19884405701,0.0005,[13, 9, 4],3900
68776.19749152394,0.0005,[13, 9, 4],4000
68776.19867928016,0.0005,[13, 9, 4],4100
68776.19891512336,0.0005,[13, 9, 4],4200
223515.30477491932,0.0005,[13, 9, 4],4300
68776.37361280086,0.0005,[13, 9, 4],4400
223515.30477491932,0.0005,[13, 9, 4],4500
223515.30477491932,0.0005,[13, 9, 4],4600
223515.30477491932,0.0005,[13, 9, 4],4700
223515.30477491932,0.0005,[13, 9, 4],4800
68776.19914749496,0.0005,[13, 9, 4],4900
71965.67489218315,0.0005,[4, 3, 3],1000
223515.30477491932,0.0005,[13, 9, 4],5000
70158.3161159369,0.0005,[4, 3, 3],1100
68776.19929765731,0.0005,[13, 9, 4],5100
69843.03195853301,0.0005,[4, 3, 3],1200
69308.45425651359,0.0005,[4, 3, 3],1300
223515.30477491932,0.0005,[13, 9, 4],5200
68776.19868036082,0.0005,[13, 9, 4],5300
69300.03705006996,0.0005,[4, 3, 3],1400
68776.2031173317,0.0005,[13, 9, 4],5400
71977.84867605372,0.0005,[4, 3, 3],1500
223515.30477491932,0.0005,[4, 3, 3],1600
68776.20074783721,0.0005,[13, 9, 4],5500
223515.30477491932,0.0005,[4, 3, 3],1700
223515.30477491932,0.0005,[4, 3, 3],1800
68776.21107432917,0.0005,[13, 9, 4],5600
223515.30477491932,0.0005,[13, 9, 4],5700
223515.30477491932,0.0005,[4, 3, 3],1900
68830.42562427968,0.0005,[4, 3, 3],2000
223515.30477491932,0.0005,[4, 3, 3],2100
223515.30477491932,0.0005,[13, 9, 4],5800
71029.09904232707,0.0005,[4, 3, 3],2200
68776.20052589172,0.0005,[13, 9, 4],5900
223515.30477491932,0.0005,[4, 3, 3],2300
69332.83450308045,0.0005,[4, 3, 3],2400
223515.30477491932,0.0005,[4, 3, 3],2500
69030.1758532414,0.0005,[4, 3, 3],2600
223515.30477491932,0.0005,[4, 3, 3],2700
68845.91456860439,0.0005,[4, 3, 3],2800
68890.13556253594,0.0005,[4, 3, 3],2900
223515.30477491932,0.0005,[4, 3, 3],3000
223515.30477491932,0.0005,[4, 3, 3],3100
223515.30477491932,0.0005,[4, 3, 3],3200
223515.30477491932,0.0005,[4, 3, 3],3300
69041.85414295961,0.0005,[4, 3, 3],3400
68781.12467277619,0.0005,[4, 3, 3],3500
223515.30477491932,0.0005,[4, 3, 3],3600
68778.70436562331,0.0005,[4, 3, 3],3700
68900.5053620671,0.0005,[4, 3, 3],3800
223515.30477491932,0.0005,[4, 3, 3],3900
68794.15370440227,0.0005,[4, 3, 3],4000
223515.30477491932,0.0005,[4, 3, 3],4100
223515.30477491932,0.0005,[4, 3, 3],4200
68787.22067037027,0.0005,[4, 3, 3],4300
223515.30477491932,0.0005,[4, 3, 3],4400
68775.9479902755,0.0005,[4, 3, 3],4500
223515.30477491932,0.0005,[4, 3, 3],4600
68774.92254446706,0.0005,[4, 3, 3],4700
68776.21903609301,0.0005,[4, 3, 3],4800
223515.30477491932,0.0005,[4, 3, 3],4900
223515.30477491932,0.0005,[4, 3, 3],5000
70110.68984139552,0.0005,[4, 2, 3, 1],1000
68776.02834829268,0.0005,[4, 3, 3],5100
70276.01183651072,0.0005,[4, 2, 3, 1],1100
68775.30633164803,0.0005,[4, 3, 3],5200
223515.30477491932,0.0005,[4, 3, 3],5300
72174.19704896132,0.0005,[4, 2, 3, 1],1200
223515.30477491932,0.0005,[4, 2, 3, 1],1300
68776.19986829294,0.0005,[4, 3, 3],5400
223515.30477491932,0.0005,[4, 2, 3, 1],1400
68775.19385073493,0.0005,[4, 3, 3],5500
223515.30477491932,0.0005,[4, 2, 3, 1],1500
223515.30477491932,0.0005,[4, 2, 3, 1],1600
223515.30477491932,0.0005,[4, 3, 3],5600
68780.19697060932,0.0005,[4, 3, 3],5700
71577.0004327488,0.0005,[4, 2, 3, 1],1700
223515.30477491932,0.0005,[4, 2, 3, 1],1800
68777.61585437169,0.0005,[4, 3, 3],5800
69231.68815123783,0.0005,[4, 2, 3, 1],1900
223515.30477491932,0.0005,[4, 2, 3, 1],2000
68777.03350049777,0.0005,[4, 3, 3],5900
223515.30477491932,0.0005,[4, 2, 3, 1],2100
80945.6145581337,0.0005,[4, 2, 3, 1],2200
69548.92361988795,0.0005,[4, 2, 3, 1],2300
68932.228020609,0.0005,[4, 2, 3, 1],2400
69911.60926935017,0.0005,[4, 2, 3, 1],2500
69054.74165066596,0.0005,[4, 2, 3, 1],2600
73551.73412208179,0.0005,[4, 2, 3, 1],2700
68820.36327070142,0.0005,[4, 2, 3, 1],2800
223515.30477491932,0.0005,[4, 2, 3, 1],2900
69265.77968482551,0.0005,[4, 2, 3, 1],3000
69611.12738266868,0.0005,[4, 2, 3, 1],3100
69137.21614292427,0.0005,[4, 2, 3, 1],3200
68868.45717652116,0.0005,[4, 2, 3, 1],3300
68873.96717445916,0.0005,[4, 2, 3, 1],3400
69531.26085579908,0.0005,[4, 2, 3, 1],3500
223515.30477491932,0.0005,[4, 2, 3, 1],3600
68916.87825905619,0.0005,[4, 2, 3, 1],3700
223515.30477491932,0.0005,[4, 2, 3, 1],3800
223515.30477491932,0.0005,[4, 2, 3, 1],3900
223515.30477491932,0.0005,[4, 2, 3, 1],4000
69163.59959431367,0.0005,[4, 2, 3, 1],4100
223515.30477491932,0.0005,[4, 2, 3, 1],4200
223515.30477491932,0.0005,[4, 2, 3, 1],4300
68776.95480684651,0.0005,[4, 2, 3, 1],4400
223515.30477491932,0.0005,[4, 2, 3, 1],4500
223515.30477491932,0.0005,[4, 2, 3, 1],4600
68889.02030783723,0.0005,[4, 2, 3, 1],4700
68812.80435962834,0.0005,[4, 2, 3, 1],4800
68829.26153667965,0.0005,[4, 2, 3, 1],4900
70617.06691804841,0.0005,[5, 5],1000
223515.30477491932,0.0005,[4, 2, 3, 1],5000
70227.3966344428,0.0005,[5, 5],1100
68776.90481620886,0.0005,[4, 2, 3, 1],5100
72644.54258139661,0.0005,[5, 5],1200
70036.21690831443,0.0005,[5, 5],1300
68837.99688086871,0.0005,[4, 2, 3, 1],5200
223515.30477491932,0.0005,[5, 5],1400
68777.81809864845,0.0005,[4, 2, 3, 1],5300
223515.30477491932,0.0005,[5, 5],1500
223515.30477491932,0.0005,[5, 5],1600
68787.29777747336,0.0005,[4, 2, 3, 1],5400
68904.23261340441,0.0005,[5, 5],1700
223515.30477491932,0.0005,[5, 5],1800
223515.30477491932,0.0005,[5, 5],1900
223515.30477491932,0.0005,[4, 2, 3, 1],5500
69069.12142580315,0.0005,[5, 5],2000
70144.20431756852,0.0005,[5, 5],2100
68779.840063672,0.0005,[4, 2, 3, 1],5600
69397.69722048935,0.0005,[5, 5],2200
223515.30477491932,0.0005,[4, 2, 3, 1],5700
223515.30477491932,0.0005,[5, 5],2300
69035.69302267816,0.0005,[5, 5],2400
223515.30477491932,0.0005,[5, 5],2500
68777.34950345018,0.0005,[4, 2, 3, 1],5800
69776.82379840765,0.0005,[5, 5],2600
69295.75612506707,0.0005,[5, 5],2700
223515.30477491932,0.0005,[4, 2, 3, 1],5900
69246.57443357365,0.0005,[5, 5],2800
69227.83010089616,0.0005,[5, 5],2900
69596.08781593242,0.0005,[5, 5],3000
223515.30477491932,0.0005,[5, 5],3100
69064.68538850387,0.0005,[5, 5],3200
68849.80116061924,0.0005,[5, 5],3300
223515.30477491932,0.0005,[5, 5],3400
223515.30477491932,0.0005,[5, 5],3500
69158.0836701462,0.0005,[5, 5],3600
223515.30477491932,0.0005,[5, 5],3700
68776.88121335003,0.0005,[5, 5],3800
68780.22269852021,0.0005,[5, 5],3900
68777.29316914914,0.0005,[5, 5],4000
68776.30977507625,0.0005,[5, 5],4100
68776.72642417322,0.0005,[5, 5],4200
223515.30477491932,0.0005,[5, 5],4300
68826.6853811702,0.0005,[5, 5],4400
223515.30477491932,0.0005,[5, 5],4500
68798.720387888,0.0005,[5, 5],4600
68797.44203654281,0.0005,[5, 5],4700
68813.4271340132,0.0005,[5, 5],4800
223515.30477491932,0.0005,[5, 5],4900
68779.18162353076,0.0005,[5, 5],5000
69852.58417012446,0.0005,[5, 5, 5],1000
68784.22857710838,0.0005,[5, 5],5100
68778.48187004859,0.0005,[5, 5],5200
223515.30477491932,0.0005,[5, 5, 5],1100
223515.30477491932,0.0005,[5, 5, 5],1200
68786.63305726911,0.0005,[5, 5],5300
68785.14514230854,0.0005,[5, 5],5400
223515.30477491932,0.0005,[5, 5, 5],1300
223515.30477491932,0.0005,[5, 5, 5],1400
223515.30477491932,0.0005,[5, 5],5500
223515.30477491932,0.0005,[5, 5, 5],1500
70324.56660465641,0.0005,[5, 5, 5],1600
68788.88033770266,0.0005,[5, 5],5600
71399.94529135192,0.0005,[5, 5, 5],1700
68776.19957896159,0.0005,[5, 5],5700
223515.30477491932,0.0005,[5, 5, 5],1800
223515.30477491932,0.0005,[5, 5, 5],1900
223515.30477491932,0.0005,[5, 5],5800
223515.30477491932,0.0005,[5, 5, 5],2000
69002.47953679612,0.0005,[5, 5, 5],2100
68776.5123369757,0.0005,[5, 5],5900
68941.80499562187,0.0005,[5, 5, 5],2200
223515.30477491932,0.0005,[5, 5, 5],2300
223515.30477491932,0.0005,[5, 5, 5],2400
68878.96296473696,0.0005,[5, 5, 5],2500
68855.48776113952,0.0005,[5, 5, 5],2600
223515.30477491932,0.0005,[5, 5, 5],2700
68782.8948572408,0.0005,[5, 5, 5],2800
223515.30477491932,0.0005,[5, 5, 5],2900
223515.30477491932,0.0005,[5, 5, 5],3000
223515.30477491932,0.0005,[5, 5, 5],3100
68798.31331804163,0.0005,[5, 5, 5],3200
223515.30477491932,0.0005,[5, 5, 5],3300
223515.30477491932,0.0005,[5, 5, 5],3400
68878.78458641084,0.0005,[5, 5, 5],3500
68781.31395034309,0.0005,[5, 5, 5],3600
68823.4570257563,0.0005,[5, 5, 5],3700
223515.30477491932,0.0005,[5, 5, 5],3800
68836.61808340573,0.0005,[5, 5, 5],3900
68776.23611547973,0.0005,[5, 5, 5],4000
68776.6112274436,0.0005,[5, 5, 5],4100
68804.45190574654,0.0005,[5, 5, 5],4300
223515.30477491932,0.0005,[5, 5, 5],4200
223515.30477491932,0.0005,[5, 5, 5],4400
223515.30477491932,0.0005,[5, 5, 5],4500
68776.23709435867,0.0005,[5, 5, 5],4600
223515.30477491932,0.0005,[5, 5, 5],4700
223515.30477491932,0.0005,[5, 5, 5],4800
68776.2494991247,0.0005,[5, 5, 5],4900
68776.20016064675,0.0005,[5, 5, 5],5000
77934.69085314126,0.0005,[7, 2],1000
75902.13536078931,0.0005,[7, 2],1100
68776.19966395806,0.0005,[5, 5, 5],5100
70963.90148521421,0.0005,[7, 2],1200
223515.30477491932,0.0005,[7, 2],1300
223515.30477491932,0.0005,[5, 5, 5],5300
68776.19959929473,0.0005,[5, 5, 5],5200
69245.0401722528,0.0005,[7, 2],1400
68776.19802604578,0.0005,[5, 5, 5],5400
71747.21837347337,0.0005,[7, 2],1500
72180.5121433,0.0005,[7, 2],1600
223515.30477491932,0.0005,[5, 5, 5],5500
223515.30477491932,0.0005,[7, 2],1700
68776.1995242978,0.0005,[5, 5, 5],5600
223515.30477491932,0.0005,[7, 2],1800
70061.78302090775,0.0005,[7, 2],1900
223515.30477491932,0.0005,[7, 2],2000
223515.30477491932,0.0005,[7, 2],2100
223515.30477491932,0.0005,[5, 5, 5],5700
68776.36953673638,0.0005,[5, 5, 5],5800
223515.30477491932,0.0005,[7, 2],2200
69921.47761607275,0.0005,[7, 2],2300
223515.30477491932,0.0005,[7, 2],2400
223515.30477491932,0.0005,[5, 5, 5],5900
68846.52000379685,0.0005,[7, 2],2500
69305.10929087545,0.0005,[7, 2],2600
68848.21488666316,0.0005,[7, 2],2700
223515.30477491932,0.0005,[7, 2],2800
68881.04883603746,0.0005,[7, 2],2900
70127.11588778254,0.0005,[7, 2],3000
68781.4588516567,0.0005,[7, 2],3100
69448.85118995779,0.0005,[7, 2],3200
223515.30477491932,0.0005,[7, 2],3300
69076.65012626408,0.0005,[7, 2],3400
69156.3605096729,0.0005,[7, 2],3500
68778.00772807638,0.0005,[7, 2],3600
223515.30477491932,0.0005,[7, 2],3800
68823.4555627978,0.0005,[7, 2],3700
68792.07066584619,0.0005,[7, 2],3900
68786.91418134772,0.0005,[7, 2],4000
223515.30477491932,0.0005,[7, 2],4100
68776.49850367967,0.0005,[7, 2],4200
223515.30477491932,0.0005,[7, 2],4300
223515.30477491932,0.0005,[7, 2],4400
223515.30477491932,0.0005,[7, 2],4500
223515.30477491932,0.0005,[7, 2],4600
68780.72400136772,0.0005,[7, 2],4700
68776.30452521141,0.0005,[7, 2],4800
68789.4721831941,0.0005,[7, 2],4900
72381.97641263368,0.0006000000000000001,[13],1000
68986.07211674785,0.0005,[7, 2],5000
69991.04242128272,0.0006000000000000001,[13],1100
223515.30477491932,0.0005,[7, 2],5100
70147.04124334882,0.0006000000000000001,[13],1200
72053.86969884587,0.0006000000000000001,[13],1300
71786.41235484535,0.0006000000000000001,[13],1400
223515.30477491932,0.0005,[7, 2],5200
70687.17789515806,0.0006000000000000001,[13],1500
69392.51000751824,0.0006000000000000001,[13],1600
68776.22248194608,0.0005,[7, 2],5400
223515.30477491932,0.0005,[7, 2],5300
70849.13809840463,0.0006000000000000001,[13],1700
71281.89705716043,0.0006000000000000001,[13],1800
70586.50861647182,0.0006000000000000001,[13],1900
70606.6291331716,0.0006000000000000001,[13],2000
68777.3555339837,0.0005,[7, 2],5600
68776.37647405056,0.0005,[7, 2],5500
68846.5525802905,0.0006000000000000001,[13],2100
70111.8753297554,0.0006000000000000001,[13],2200
68794.62879376384,0.0005,[7, 2],5800
68776.25157583924,0.0005,[7, 2],5700
223515.30477491932,0.0006000000000000001,[13],2300
69199.96423620541,0.0006000000000000001,[13],2400
69513.7900753597,0.0006000000000000001,[13],2500
69158.79076242425,0.0006000000000000001,[13],2600
69521.77353312101,0.0006000000000000001,[13],2700
68898.52786714662,0.0006000000000000001,[13],2800
68778.26271303947,0.0005,[7, 2],5900
68785.8012998026,0.0006000000000000001,[13],2900
68781.62056032139,0.0006000000000000001,[13],3000
69184.1738315933,0.0006000000000000001,[13],3100
223515.30477491932,0.0006000000000000001,[13],3200
68918.74121302292,0.0006000000000000001,[13],3300
68895.84893625212,0.0006000000000000001,[13],3400
68794.55205253085,0.0006000000000000001,[13],3500
68779.90485767742,0.0006000000000000001,[13],3600
68807.26444922882,0.0006000000000000001,[13],3700
68803.74221983712,0.0006000000000000001,[13],3800
68849.41160371788,0.0006000000000000001,[13],3900
68847.49058086894,0.0006000000000000001,[13],4000
223515.30477491932,0.0006000000000000001,[13],4100
68780.61458360378,0.0006000000000000001,[13],4200
68831.02969953427,0.0006000000000000001,[13],4300
223515.30477491932,0.0006000000000000001,[13],4400
68776.20711360674,0.0006000000000000001,[13],4500
68829.97846595096,0.0006000000000000001,[13],4600
68777.17175076046,0.0006000000000000001,[13],4800
68803.67165785756,0.0006000000000000001,[13],4700
68783.2990532498,0.0006000000000000001,[13],5000
68780.07089849697,0.0006000000000000001,[13],4900
71065.60703637103,0.0006000000000000001,[10, 10],1000
68785.79107667084,0.0006000000000000001,[13],5100
223515.30477491932,0.0006000000000000001,[13],5200
223515.30477491932,0.0006000000000000001,[10, 10],1100
68776.3222198088,0.0006000000000000001,[13],5300
68776.97008309896,0.0006000000000000001,[13],5400
69722.97319315492,0.0006000000000000001,[10, 10],1200
69852.79266697235,0.0006000000000000001,[10, 10],1300
68781.07241740865,0.0006000000000000001,[13],5500
70129.25045526886,0.0006000000000000001,[10, 10],1400
223515.30477491932,0.0006000000000000001,[13],5600
69916.26593599294,0.0006000000000000001,[10, 10],1500
68925.60166488169,0.0006000000000000001,[10, 10],1600
68776.90635898309,0.0006000000000000001,[13],5700
223515.30477491932,0.0006000000000000001,[10, 10],1700
223515.30477491932,0.0006000000000000001,[10, 10],1800
68776.20432353829,0.0006000000000000001,[13],5900
68776.1998300626,0.0006000000000000001,[13],5800
68783.56531394542,0.0006000000000000001,[10, 10],1900
69369.90226107238,0.0006000000000000001,[10, 10],2100
223515.30477491932,0.0006000000000000001,[10, 10],2000
68969.79277043583,0.0006000000000000001,[10, 10],2200
68813.25159987414,0.0006000000000000001,[10, 10],2300
223515.30477491932,0.0006000000000000001,[10, 10],2500
68860.94843022636,0.0006000000000000001,[10, 10],2400
223515.30477491932,0.0006000000000000001,[10, 10],2600
68814.55038511139,0.0006000000000000001,[10, 10],2800
68777.11690176128,0.0006000000000000001,[10, 10],2900
223515.30477491932,0.0006000000000000001,[10, 10],2700
68822.49353914327,0.0006000000000000001,[10, 10],3000
68802.9589091177,0.0006000000000000001,[10, 10],3100
68787.10909261536,0.0006000000000000001,[10, 10],3200
223515.30477491932,0.0006000000000000001,[10, 10],3400
68792.41320885706,0.0006000000000000001,[10, 10],3300
68776.20548847591,0.0006000000000000001,[10, 10],3500
68776.27866582226,0.0006000000000000001,[10, 10],3600
68778.49598491182,0.0006000000000000001,[10, 10],3700
68784.21877921582,0.0006000000000000001,[10, 10],3900
68778.62045427167,0.0006000000000000001,[10, 10],3800
223515.30477491932,0.0006000000000000001,[10, 10],4000
223515.30477491932,0.0006000000000000001,[10, 10],4100
68776.22433624169,0.0006000000000000001,[10, 10],4200
68776.20094712221,0.0006000000000000001,[10, 10],4400
223515.30477491932,0.0006000000000000001,[10, 10],4300
223515.30477491932,0.0006000000000000001,[10, 10],4500
223515.30477491932,0.0006000000000000001,[10, 10],4600
